data,name,category,value
1998,Amazônia,ABRIL,0
1999,Amazônia,ABRIL,70
2000,Amazônia,ABRIL,92
2001,Amazônia,ABRIL,617
2002,Amazônia,ABRIL,405
2003,Amazônia,ABRIL,1038
2004,Amazônia,ABRIL,1012
2005,Amazônia,ABRIL,832
2006,Amazônia,ABRIL,709
2007,Amazônia,ABRIL,760
2008,Amazônia,ABRIL,569
2009,Amazônia,ABRIL,435
2010,Amazônia,ABRIL,633
2011,Amazônia,ABRIL,465
2012,Amazônia,ABRIL,473
2013,Amazônia,ABRIL,518
2014,Amazônia,ABRIL,632
2015,Amazônia,ABRIL,762
2016,Amazônia,ABRIL,1075
2017,Amazônia,ABRIL,618
2018,Amazônia,ABRIL,513
2019,Amazônia,ABRIL,1702
2020,Amazônia,ABRIL,789
1998,Pampa,ABRIL,0
1999,Pampa,ABRIL,10
2000,Pampa,ABRIL,1
2001,Pampa,ABRIL,2
2002,Pampa,ABRIL,2
2003,Pampa,ABRIL,63
2004,Pampa,ABRIL,121
2005,Pampa,ABRIL,61
2006,Pampa,ABRIL,111
2007,Pampa,ABRIL,60
2008,Pampa,ABRIL,135
2009,Pampa,ABRIL,168
2010,Pampa,ABRIL,67
2011,Pampa,ABRIL,77
2012,Pampa,ABRIL,36
2013,Pampa,ABRIL,57
2014,Pampa,ABRIL,50
2015,Pampa,ABRIL,142
2016,Pampa,ABRIL,23
2017,Pampa,ABRIL,41
2018,Pampa,ABRIL,57
2019,Pampa,ABRIL,50
2020,Pampa,ABRIL,335
1998,Caatinga,ABRIL,0
1999,Caatinga,ABRIL,63
2000,Caatinga,ABRIL,56
2001,Caatinga,ABRIL,30
2002,Caatinga,ABRIL,123
2003,Caatinga,ABRIL,187
2004,Caatinga,ABRIL,93
2005,Caatinga,ABRIL,65
2006,Caatinga,ABRIL,65
2007,Caatinga,ABRIL,129
2008,Caatinga,ABRIL,95
2009,Caatinga,ABRIL,54
2010,Caatinga,ABRIL,69
2011,Caatinga,ABRIL,116
2012,Caatinga,ABRIL,259
2013,Caatinga,ABRIL,71
2014,Caatinga,ABRIL,73
2015,Caatinga,ABRIL,86
2016,Caatinga,ABRIL,95
2017,Caatinga,ABRIL,49
2018,Caatinga,ABRIL,28
2019,Caatinga,ABRIL,28
2020,Caatinga,ABRIL,38
1998,Mata Atlântica,ABRIL,0
1999,Mata Atlântica,ABRIL,163
2000,Mata Atlântica,ABRIL,135
2001,Mata Atlântica,ABRIL,92
2002,Mata Atlântica,ABRIL,352
2003,Mata Atlântica,ABRIL,1263
2004,Mata Atlântica,ABRIL,692
2005,Mata Atlântica,ABRIL,551
2006,Mata Atlântica,ABRIL,781
2007,Mata Atlântica,ABRIL,569
2008,Mata Atlântica,ABRIL,489
2009,Mata Atlântica,ABRIL,660
2010,Mata Atlântica,ABRIL,387
2011,Mata Atlântica,ABRIL,254
2012,Mata Atlântica,ABRIL,609
2013,Mata Atlântica,ABRIL,488
2014,Mata Atlântica,ABRIL,317
2015,Mata Atlântica,ABRIL,371
2016,Mata Atlântica,ABRIL,732
2017,Mata Atlântica,ABRIL,261
2018,Mata Atlântica,ABRIL,490
2019,Mata Atlântica,ABRIL,276
2020,Mata Atlântica,ABRIL,1013
1998,Pantanal,ABRIL,0
1999,Pantanal,ABRIL,29
2000,Pantanal,ABRIL,1
2001,Pantanal,ABRIL,36
2002,Pantanal,ABRIL,24
2003,Pantanal,ABRIL,40
2004,Pantanal,ABRIL,68
2005,Pantanal,ABRIL,163
2006,Pantanal,ABRIL,19
2007,Pantanal,ABRIL,68
2008,Pantanal,ABRIL,28
2009,Pantanal,ABRIL,525
2010,Pantanal,ABRIL,87
2011,Pantanal,ABRIL,2
2012,Pantanal,ABRIL,38
2013,Pantanal,ABRIL,51
2014,Pantanal,ABRIL,55
2015,Pantanal,ABRIL,29
2016,Pantanal,ABRIL,34
2017,Pantanal,ABRIL,38
2018,Pantanal,ABRIL,19
2019,Pantanal,ABRIL,33
2020,Pantanal,ABRIL,784
1998,Cerrado,ABRIL,0
1999,Cerrado,ABRIL,382
2000,Cerrado,ABRIL,253
2001,Cerrado,ABRIL,304
2002,Cerrado,ABRIL,777
2003,Cerrado,ABRIL,1052
2004,Cerrado,ABRIL,970
2005,Cerrado,ABRIL,1071
2006,Cerrado,ABRIL,584
2007,Cerrado,ABRIL,964
2008,Cerrado,ABRIL,590
2009,Cerrado,ABRIL,448
2010,Cerrado,ABRIL,1438
2011,Cerrado,ABRIL,703
2012,Cerrado,ABRIL,1092
2013,Cerrado,ABRIL,706
2014,Cerrado,ABRIL,897
2015,Cerrado,ABRIL,634
2016,Cerrado,ABRIL,1449
2017,Cerrado,ABRIL,696
2018,Cerrado,ABRIL,549
2019,Cerrado,ABRIL,753
2020,Cerrado,ABRIL,1158
1998,Amazônia,AGOSTO,20075
1999,Amazônia,AGOSTO,21525
2000,Amazônia,AGOSTO,12791
2001,Amazônia,AGOSTO,17679
2002,Amazônia,AGOSTO,43484
2003,Amazônia,AGOSTO,34765
2004,Amazônia,AGOSTO,43320
2005,Amazônia,AGOSTO,63764
2006,Amazônia,AGOSTO,34208
2007,Amazônia,AGOSTO,46385
2008,Amazônia,AGOSTO,21445
2009,Amazônia,AGOSTO,9732
2010,Amazônia,AGOSTO,45018
2011,Amazônia,AGOSTO,8002
2012,Amazônia,AGOSTO,20687
2013,Amazônia,AGOSTO,9444
2014,Amazônia,AGOSTO,20113
2015,Amazônia,AGOSTO,20471
2016,Amazônia,AGOSTO,18340
2017,Amazônia,AGOSTO,21244
2018,Amazônia,AGOSTO,10421
2019,Amazônia,AGOSTO,30900
2020,Amazônia,AGOSTO,29307
1998,Pampa,AGOSTO,9
1999,Pampa,AGOSTO,7
2000,Pampa,AGOSTO,10
2001,Pampa,AGOSTO,24
2002,Pampa,AGOSTO,379
2003,Pampa,AGOSTO,736
2004,Pampa,AGOSTO,356
2005,Pampa,AGOSTO,241
2006,Pampa,AGOSTO,321
2007,Pampa,AGOSTO,231
2008,Pampa,AGOSTO,113
2009,Pampa,AGOSTO,373
2010,Pampa,AGOSTO,272
2011,Pampa,AGOSTO,130
2012,Pampa,AGOSTO,165
2013,Pampa,AGOSTO,189
2014,Pampa,AGOSTO,254
2015,Pampa,AGOSTO,86
2016,Pampa,AGOSTO,383
2017,Pampa,AGOSTO,233
2018,Pampa,AGOSTO,232
2019,Pampa,AGOSTO,446
2020,Pampa,AGOSTO,380
1998,Caatinga,AGOSTO,462
1999,Caatinga,AGOSTO,458
2000,Caatinga,AGOSTO,399
2001,Caatinga,AGOSTO,895
2002,Caatinga,AGOSTO,1252
2003,Caatinga,AGOSTO,1020
2004,Caatinga,AGOSTO,976
2005,Caatinga,AGOSTO,610
2006,Caatinga,AGOSTO,697
2007,Caatinga,AGOSTO,1878
2008,Caatinga,AGOSTO,433
2009,Caatinga,AGOSTO,292
2010,Caatinga,AGOSTO,1907
2011,Caatinga,AGOSTO,862
2012,Caatinga,AGOSTO,1829
2013,Caatinga,AGOSTO,561
2014,Caatinga,AGOSTO,907
2015,Caatinga,AGOSTO,1203
2016,Caatinga,AGOSTO,1504
2017,Caatinga,AGOSTO,795
2018,Caatinga,AGOSTO,1516
2019,Caatinga,AGOSTO,1304
2020,Caatinga,AGOSTO,838
1998,Mata Atlântica,AGOSTO,687
1999,Mata Atlântica,AGOSTO,2581
2000,Mata Atlântica,AGOSTO,1746
2001,Mata Atlântica,AGOSTO,1159
2002,Mata Atlântica,AGOSTO,6548
2003,Mata Atlântica,AGOSTO,9826
2004,Mata Atlântica,AGOSTO,5778
2005,Mata Atlântica,AGOSTO,5494
2006,Mata Atlântica,AGOSTO,6807
2007,Mata Atlântica,AGOSTO,5055
2008,Mata Atlântica,AGOSTO,3209
2009,Mata Atlântica,AGOSTO,4198
2010,Mata Atlântica,AGOSTO,6473
2011,Mata Atlântica,AGOSTO,3191
2012,Mata Atlântica,AGOSTO,2810
2013,Mata Atlântica,AGOSTO,2280
2014,Mata Atlântica,AGOSTO,3912
2015,Mata Atlântica,AGOSTO,2414
2016,Mata Atlântica,AGOSTO,4165
2017,Mata Atlântica,AGOSTO,3201
2018,Mata Atlântica,AGOSTO,2338
2019,Mata Atlântica,AGOSTO,4689
2020,Mata Atlântica,AGOSTO,4079
1998,Pantanal,AGOSTO,172
1999,Pantanal,AGOSTO,2988
2000,Pantanal,AGOSTO,263
2001,Pantanal,AGOSTO,2540
2002,Pantanal,AGOSTO,2934
2003,Pantanal,AGOSTO,517
2004,Pantanal,AGOSTO,1164
2005,Pantanal,AGOSTO,5993
2006,Pantanal,AGOSTO,892
2007,Pantanal,AGOSTO,1858
2008,Pantanal,AGOSTO,588
2009,Pantanal,AGOSTO,695
2010,Pantanal,AGOSTO,1548
2011,Pantanal,AGOSTO,309
2012,Pantanal,AGOSTO,2698
2013,Pantanal,AGOSTO,440
2014,Pantanal,AGOSTO,134
2015,Pantanal,AGOSTO,1025
2016,Pantanal,AGOSTO,966
2017,Pantanal,AGOSTO,1092
2018,Pantanal,AGOSTO,275
2019,Pantanal,AGOSTO,1690
2020,Pantanal,AGOSTO,5935
1998,Cerrado,AGOSTO,14146
1999,Cerrado,AGOSTO,11933
2000,Cerrado,AGOSTO,6995
2001,Cerrado,AGOSTO,9541
2002,Cerrado,AGOSTO,17815
2003,Cerrado,AGOSTO,10140
2004,Cerrado,AGOSTO,12473
2005,Cerrado,AGOSTO,14627
2006,Cerrado,AGOSTO,11705
2007,Cerrado,AGOSTO,35678
2008,Cerrado,AGOSTO,8643
2009,Cerrado,AGOSTO,6492
2010,Cerrado,AGOSTO,35226
2011,Cerrado,AGOSTO,11387
2012,Cerrado,AGOSTO,22737
2013,Cerrado,AGOSTO,8496
2014,Cerrado,AGOSTO,15525
2015,Cerrado,AGOSTO,12684
2016,Cerrado,AGOSTO,13730
2017,Cerrado,AGOSTO,10815
2018,Cerrado,AGOSTO,7992
2019,Cerrado,AGOSTO,12906
2020,Cerrado,AGOSTO,10155
1998,Amazônia,DEZEMBRO,2547
1999,Amazônia,DEZEMBRO,1703
2000,Amazônia,DEZEMBRO,3175
2001,Amazônia,DEZEMBRO,4256
2002,Amazônia,DEZEMBRO,9174
2003,Amazônia,DEZEMBRO,13813
2004,Amazônia,DEZEMBRO,16924
2005,Amazônia,DEZEMBRO,6966
2006,Amazônia,DEZEMBRO,8579
2007,Amazônia,DEZEMBRO,5437
2008,Amazônia,DEZEMBRO,6145
2009,Amazônia,DEZEMBRO,6505
2010,Amazônia,DEZEMBRO,5240
2011,Amazônia,DEZEMBRO,7632
2012,Amazônia,DEZEMBRO,5469
2013,Amazônia,DEZEMBRO,8013
2014,Amazônia,DEZEMBRO,7773
2015,Amazônia,DEZEMBRO,11303
2016,Amazônia,DEZEMBRO,5124
2017,Amazônia,DEZEMBRO,7985
2018,Amazônia,DEZEMBRO,1842
2019,Amazônia,DEZEMBRO,3275
2020,Amazônia,DEZEMBRO,0
1998,Pampa,DEZEMBRO,62
1999,Pampa,DEZEMBRO,1053
2000,Pampa,DEZEMBRO,60
2001,Pampa,DEZEMBRO,35
2002,Pampa,DEZEMBRO,20
2003,Pampa,DEZEMBRO,24
2004,Pampa,DEZEMBRO,52
2005,Pampa,DEZEMBRO,46
2006,Pampa,DEZEMBRO,26
2007,Pampa,DEZEMBRO,42
2008,Pampa,DEZEMBRO,52
2009,Pampa,DEZEMBRO,6
2010,Pampa,DEZEMBRO,95
2011,Pampa,DEZEMBRO,50
2012,Pampa,DEZEMBRO,12
2013,Pampa,DEZEMBRO,27
2014,Pampa,DEZEMBRO,21
2015,Pampa,DEZEMBRO,21
2016,Pampa,DEZEMBRO,59
2017,Pampa,DEZEMBRO,49
2018,Pampa,DEZEMBRO,24
2019,Pampa,DEZEMBRO,68
2020,Pampa,DEZEMBRO,0
1998,Caatinga,DEZEMBRO,494
1999,Caatinga,DEZEMBRO,566
2000,Caatinga,DEZEMBRO,546
2001,Caatinga,DEZEMBRO,970
2002,Caatinga,DEZEMBRO,3975
2003,Caatinga,DEZEMBRO,5292
2004,Caatinga,DEZEMBRO,7400
2005,Caatinga,DEZEMBRO,4533
2006,Caatinga,DEZEMBRO,4432
2007,Caatinga,DEZEMBRO,4266
2008,Caatinga,DEZEMBRO,5255
2009,Caatinga,DEZEMBRO,3936
2010,Caatinga,DEZEMBRO,1599
2011,Caatinga,DEZEMBRO,3246
2012,Caatinga,DEZEMBRO,1621
2013,Caatinga,DEZEMBRO,1567
2014,Caatinga,DEZEMBRO,1163
2015,Caatinga,DEZEMBRO,2071
2016,Caatinga,DEZEMBRO,1528
2017,Caatinga,DEZEMBRO,1814
2018,Caatinga,DEZEMBRO,1369
2019,Caatinga,DEZEMBRO,1813
2020,Caatinga,DEZEMBRO,0
1998,Mata Atlântica,DEZEMBRO,323
1999,Mata Atlântica,DEZEMBRO,520
2000,Mata Atlântica,DEZEMBRO,237
2001,Mata Atlântica,DEZEMBRO,311
2002,Mata Atlântica,DEZEMBRO,1673
2003,Mata Atlântica,DEZEMBRO,1589
2004,Mata Atlântica,DEZEMBRO,1317
2005,Mata Atlântica,DEZEMBRO,785
2006,Mata Atlântica,DEZEMBRO,547
2007,Mata Atlântica,DEZEMBRO,979
2008,Mata Atlântica,DEZEMBRO,930
2009,Mata Atlântica,DEZEMBRO,626
2010,Mata Atlântica,DEZEMBRO,496
2011,Mata Atlântica,DEZEMBRO,444
2012,Mata Atlântica,DEZEMBRO,660
2013,Mata Atlântica,DEZEMBRO,506
2014,Mata Atlântica,DEZEMBRO,366
2015,Mata Atlântica,DEZEMBRO,1251
2016,Mata Atlântica,DEZEMBRO,439
2017,Mata Atlântica,DEZEMBRO,348
2018,Mata Atlântica,DEZEMBRO,547
2019,Mata Atlântica,DEZEMBRO,554
2020,Mata Atlântica,DEZEMBRO,0
1998,Pantanal,DEZEMBRO,58
1999,Pantanal,DEZEMBRO,52
2000,Pantanal,DEZEMBRO,74
2001,Pantanal,DEZEMBRO,19
2002,Pantanal,DEZEMBRO,448
2003,Pantanal,DEZEMBRO,83
2004,Pantanal,DEZEMBRO,155
2005,Pantanal,DEZEMBRO,73
2006,Pantanal,DEZEMBRO,23
2007,Pantanal,DEZEMBRO,45
2008,Pantanal,DEZEMBRO,594
2009,Pantanal,DEZEMBRO,55
2010,Pantanal,DEZEMBRO,795
2011,Pantanal,DEZEMBRO,643
2012,Pantanal,DEZEMBRO,122
2013,Pantanal,DEZEMBRO,176
2014,Pantanal,DEZEMBRO,37
2015,Pantanal,DEZEMBRO,494
2016,Pantanal,DEZEMBRO,125
2017,Pantanal,DEZEMBRO,19
2018,Pantanal,DEZEMBRO,163
2019,Pantanal,DEZEMBRO,247
2020,Pantanal,DEZEMBRO,0
1998,Cerrado,DEZEMBRO,448
1999,Cerrado,DEZEMBRO,475
2000,Cerrado,DEZEMBRO,372
2001,Cerrado,DEZEMBRO,609
2002,Cerrado,DEZEMBRO,1802
2003,Cerrado,DEZEMBRO,2179
2004,Cerrado,DEZEMBRO,2792
2005,Cerrado,DEZEMBRO,1930
2006,Cerrado,DEZEMBRO,1808
2007,Cerrado,DEZEMBRO,1551
2008,Cerrado,DEZEMBRO,1452
2009,Cerrado,DEZEMBRO,1146
2010,Cerrado,DEZEMBRO,1536
2011,Cerrado,DEZEMBRO,1374
2012,Cerrado,DEZEMBRO,1635
2013,Cerrado,DEZEMBRO,1579
2014,Cerrado,DEZEMBRO,1363
2015,Cerrado,DEZEMBRO,2563
2016,Cerrado,DEZEMBRO,932
2017,Cerrado,DEZEMBRO,1440
2018,Cerrado,DEZEMBRO,1168
2019,Cerrado,DEZEMBRO,1743
2020,Cerrado,DEZEMBRO,0
1998,Amazônia,FEVEREIRO,0
1999,Amazônia,FEVEREIRO,358
2000,Amazônia,FEVEREIRO,182
2001,Amazônia,FEVEREIRO,699
2002,Amazônia,FEVEREIRO,667
2003,Amazônia,FEVEREIRO,1573
2004,Amazônia,FEVEREIRO,805
2005,Amazônia,FEVEREIRO,1048
2006,Amazônia,FEVEREIRO,879
2007,Amazônia,FEVEREIRO,1761
2008,Amazônia,FEVEREIRO,527
2009,Amazônia,FEVEREIRO,354
2010,Amazônia,FEVEREIRO,1147
2011,Amazônia,FEVEREIRO,271
2012,Amazônia,FEVEREIRO,438
2013,Amazônia,FEVEREIRO,374
2014,Amazônia,FEVEREIRO,473
2015,Amazônia,FEVEREIRO,1047
2016,Amazônia,FEVEREIRO,1559
2017,Amazônia,FEVEREIRO,379
2018,Amazônia,FEVEREIRO,888
2019,Amazônia,FEVEREIRO,1368
2020,Amazônia,FEVEREIRO,1196
1998,Pampa,FEVEREIRO,0
1999,Pampa,FEVEREIRO,19
2000,Pampa,FEVEREIRO,33
2001,Pampa,FEVEREIRO,32
2002,Pampa,FEVEREIRO,30
2003,Pampa,FEVEREIRO,8
2004,Pampa,FEVEREIRO,62
2005,Pampa,FEVEREIRO,32
2006,Pampa,FEVEREIRO,35
2007,Pampa,FEVEREIRO,17
2008,Pampa,FEVEREIRO,28
2009,Pampa,FEVEREIRO,18
2010,Pampa,FEVEREIRO,17
2011,Pampa,FEVEREIRO,16
2012,Pampa,FEVEREIRO,34
2013,Pampa,FEVEREIRO,46
2014,Pampa,FEVEREIRO,17
2015,Pampa,FEVEREIRO,18
2016,Pampa,FEVEREIRO,33
2017,Pampa,FEVEREIRO,21
2018,Pampa,FEVEREIRO,51
2019,Pampa,FEVEREIRO,32
2020,Pampa,FEVEREIRO,72
1998,Caatinga,FEVEREIRO,0
1999,Caatinga,FEVEREIRO,155
2000,Caatinga,FEVEREIRO,41
2001,Caatinga,FEVEREIRO,38
2002,Caatinga,FEVEREIRO,263
2003,Caatinga,FEVEREIRO,201
2004,Caatinga,FEVEREIRO,94
2005,Caatinga,FEVEREIRO,264
2006,Caatinga,FEVEREIRO,227
2007,Caatinga,FEVEREIRO,118
2008,Caatinga,FEVEREIRO,335
2009,Caatinga,FEVEREIRO,171
2010,Caatinga,FEVEREIRO,290
2011,Caatinga,FEVEREIRO,135
2012,Caatinga,FEVEREIRO,243
2013,Caatinga,FEVEREIRO,207
2014,Caatinga,FEVEREIRO,68
2015,Caatinga,FEVEREIRO,138
2016,Caatinga,FEVEREIRO,112
2017,Caatinga,FEVEREIRO,81
2018,Caatinga,FEVEREIRO,30
2019,Caatinga,FEVEREIRO,73
2020,Caatinga,FEVEREIRO,62
1998,Mata Atlântica,FEVEREIRO,0
1999,Mata Atlântica,FEVEREIRO,273
2000,Mata Atlântica,FEVEREIRO,186
2001,Mata Atlântica,FEVEREIRO,120
2002,Mata Atlântica,FEVEREIRO,226
2003,Mata Atlântica,FEVEREIRO,683
2004,Mata Atlântica,FEVEREIRO,469
2005,Mata Atlântica,FEVEREIRO,578
2006,Mata Atlântica,FEVEREIRO,783
2007,Mata Atlântica,FEVEREIRO,450
2008,Mata Atlântica,FEVEREIRO,527
2009,Mata Atlântica,FEVEREIRO,333
2010,Mata Atlântica,FEVEREIRO,657
2011,Mata Atlântica,FEVEREIRO,363
2012,Mata Atlântica,FEVEREIRO,455
2013,Mata Atlântica,FEVEREIRO,430
2014,Mata Atlântica,FEVEREIRO,437
2015,Mata Atlântica,FEVEREIRO,389
2016,Mata Atlântica,FEVEREIRO,457
2017,Mata Atlântica,FEVEREIRO,309
2018,Mata Atlântica,FEVEREIRO,264
2019,Mata Atlântica,FEVEREIRO,607
2020,Mata Atlântica,FEVEREIRO,454
1998,Pantanal,FEVEREIRO,0
1999,Pantanal,FEVEREIRO,10
2000,Pantanal,FEVEREIRO,30
2001,Pantanal,FEVEREIRO,62
2002,Pantanal,FEVEREIRO,28
2003,Pantanal,FEVEREIRO,48
2004,Pantanal,FEVEREIRO,126
2005,Pantanal,FEVEREIRO,107
2006,Pantanal,FEVEREIRO,51
2007,Pantanal,FEVEREIRO,13
2008,Pantanal,FEVEREIRO,13
2009,Pantanal,FEVEREIRO,117
2010,Pantanal,FEVEREIRO,47
2011,Pantanal,FEVEREIRO,22
2012,Pantanal,FEVEREIRO,83
2013,Pantanal,FEVEREIRO,55
2014,Pantanal,FEVEREIRO,64
2015,Pantanal,FEVEREIRO,51
2016,Pantanal,FEVEREIRO,29
2017,Pantanal,FEVEREIRO,73
2018,Pantanal,FEVEREIRO,8
2019,Pantanal,FEVEREIRO,211
2020,Pantanal,FEVEREIRO,164
1998,Cerrado,FEVEREIRO,0
1999,Cerrado,FEVEREIRO,469
2000,Cerrado,FEVEREIRO,89
2001,Cerrado,FEVEREIRO,109
2002,Cerrado,FEVEREIRO,355
2003,Cerrado,FEVEREIRO,587
2004,Cerrado,FEVEREIRO,376
2005,Cerrado,FEVEREIRO,869
2006,Cerrado,FEVEREIRO,413
2007,Cerrado,FEVEREIRO,402
2008,Cerrado,FEVEREIRO,321
2009,Cerrado,FEVEREIRO,403
2010,Cerrado,FEVEREIRO,751
2011,Cerrado,FEVEREIRO,321
2012,Cerrado,FEVEREIRO,478
2013,Cerrado,FEVEREIRO,604
2014,Cerrado,FEVEREIRO,315
2015,Cerrado,FEVEREIRO,383
2016,Cerrado,FEVEREIRO,1048
2017,Cerrado,FEVEREIRO,376
2018,Cerrado,FEVEREIRO,235
2019,Cerrado,FEVEREIRO,574
2020,Cerrado,FEVEREIRO,709
1998,Amazônia,JANEIRO,0
1999,Amazônia,JANEIRO,160
2000,Amazônia,JANEIRO,87
2001,Amazônia,JANEIRO,165
2002,Amazônia,JANEIRO,590
2003,Amazônia,JANEIRO,3704
2004,Amazônia,JANEIRO,2178
2005,Amazônia,JANEIRO,4314
2006,Amazônia,JANEIRO,1973
2007,Amazônia,JANEIRO,1918
2008,Amazônia,JANEIRO,938
2009,Amazônia,JANEIRO,1095
2010,Amazônia,JANEIRO,1697
2011,Amazônia,JANEIRO,771
2012,Amazônia,JANEIRO,1203
2013,Amazônia,JANEIRO,1181
2014,Amazônia,JANEIRO,1573
2015,Amazônia,JANEIRO,2042
2016,Amazônia,JANEIRO,4657
2017,Amazônia,JANEIRO,796
2018,Amazônia,JANEIRO,1444
2019,Amazônia,JANEIRO,1419
2020,Amazônia,JANEIRO,1200
1998,Pampa,JANEIRO,0
1999,Pampa,JANEIRO,46
2000,Pampa,JANEIRO,74
2001,Pampa,JANEIRO,7
2002,Pampa,JANEIRO,213
2003,Pampa,JANEIRO,41
2004,Pampa,JANEIRO,38
2005,Pampa,JANEIRO,102
2006,Pampa,JANEIRO,29
2007,Pampa,JANEIRO,18
2008,Pampa,JANEIRO,41
2009,Pampa,JANEIRO,52
2010,Pampa,JANEIRO,33
2011,Pampa,JANEIRO,22
2012,Pampa,JANEIRO,61
2013,Pampa,JANEIRO,28
2014,Pampa,JANEIRO,19
2015,Pampa,JANEIRO,14
2016,Pampa,JANEIRO,37
2017,Pampa,JANEIRO,15
2018,Pampa,JANEIRO,40
2019,Pampa,JANEIRO,20
2020,Pampa,JANEIRO,25
1998,Caatinga,JANEIRO,0
1999,Caatinga,JANEIRO,227
2000,Caatinga,JANEIRO,16
2001,Caatinga,JANEIRO,40
2002,Caatinga,JANEIRO,93
2003,Caatinga,JANEIRO,967
2004,Caatinga,JANEIRO,458
2005,Caatinga,JANEIRO,1283
2006,Caatinga,JANEIRO,884
2007,Caatinga,JANEIRO,1123
2008,Caatinga,JANEIRO,873
2009,Caatinga,JANEIRO,1164
2010,Caatinga,JANEIRO,668
2011,Caatinga,JANEIRO,221
2012,Caatinga,JANEIRO,788
2013,Caatinga,JANEIRO,340
2014,Caatinga,JANEIRO,360
2015,Caatinga,JANEIRO,428
2016,Caatinga,JANEIRO,258
2017,Caatinga,JANEIRO,305
2018,Caatinga,JANEIRO,316
2019,Caatinga,JANEIRO,433
2020,Caatinga,JANEIRO,293
1998,Mata Atlântica,JANEIRO,0
1999,Mata Atlântica,JANEIRO,299
2000,Mata Atlântica,JANEIRO,241
2001,Mata Atlântica,JANEIRO,87
2002,Mata Atlântica,JANEIRO,251
2003,Mata Atlântica,JANEIRO,1151
2004,Mata Atlântica,JANEIRO,572
2005,Mata Atlântica,JANEIRO,752
2006,Mata Atlântica,JANEIRO,617
2007,Mata Atlântica,JANEIRO,400
2008,Mata Atlântica,JANEIRO,490
2009,Mata Atlântica,JANEIRO,507
2010,Mata Atlântica,JANEIRO,537
2011,Mata Atlântica,JANEIRO,274
2012,Mata Atlântica,JANEIRO,317
2013,Mata Atlântica,JANEIRO,412
2014,Mata Atlântica,JANEIRO,423
2015,Mata Atlântica,JANEIRO,642
2016,Mata Atlântica,JANEIRO,579
2017,Mata Atlântica,JANEIRO,385
2018,Mata Atlântica,JANEIRO,209
2019,Mata Atlântica,JANEIRO,608
2020,Mata Atlântica,JANEIRO,421
1998,Pantanal,JANEIRO,0
1999,Pantanal,JANEIRO,161
2000,Pantanal,JANEIRO,93
2001,Pantanal,JANEIRO,66
2002,Pantanal,JANEIRO,137
2003,Pantanal,JANEIRO,180
2004,Pantanal,JANEIRO,185
2005,Pantanal,JANEIRO,20
2006,Pantanal,JANEIRO,28
2007,Pantanal,JANEIRO,6
2008,Pantanal,JANEIRO,14
2009,Pantanal,JANEIRO,380
2010,Pantanal,JANEIRO,31
2011,Pantanal,JANEIRO,145
2012,Pantanal,JANEIRO,188
2013,Pantanal,JANEIRO,108
2014,Pantanal,JANEIRO,103
2015,Pantanal,JANEIRO,95
2016,Pantanal,JANEIRO,37
2017,Pantanal,JANEIRO,261
2018,Pantanal,JANEIRO,23
2019,Pantanal,JANEIRO,337
2020,Pantanal,JANEIRO,265
1998,Cerrado,JANEIRO,0
1999,Cerrado,JANEIRO,188
2000,Cerrado,JANEIRO,266
2001,Cerrado,JANEIRO,182
2002,Cerrado,JANEIRO,368
2003,Cerrado,JANEIRO,654
2004,Cerrado,JANEIRO,452
2005,Cerrado,JANEIRO,587
2006,Cerrado,JANEIRO,1001
2007,Cerrado,JANEIRO,755
2008,Cerrado,JANEIRO,421
2009,Cerrado,JANEIRO,676
2010,Cerrado,JANEIRO,717
2011,Cerrado,JANEIRO,456
2012,Cerrado,JANEIRO,421
2013,Cerrado,JANEIRO,475
2014,Cerrado,JANEIRO,567
2015,Cerrado,JANEIRO,1096
2016,Cerrado,JANEIRO,392
2017,Cerrado,JANEIRO,491
2018,Cerrado,JANEIRO,521
2019,Cerrado,JANEIRO,1213
2020,Cerrado,JANEIRO,662
1998,Amazônia,JULHO,3192
1999,Amazônia,JULHO,3675
2000,Amazônia,JULHO,1510
2001,Amazônia,JULHO,1816
2002,Amazônia,JULHO,7529
2003,Amazônia,JULHO,15918
2004,Amazônia,JULHO,19179
2005,Amazônia,JULHO,19364
2006,Amazônia,JULHO,6995
2007,Amazônia,JULHO,6196
2008,Amazônia,JULHO,5901
2009,Amazônia,JULHO,2327
2010,Amazônia,JULHO,5868
2011,Amazônia,JULHO,2445
2012,Amazônia,JULHO,3095
2013,Amazônia,JULHO,2531
2014,Amazônia,JULHO,2766
2015,Amazônia,JULHO,2817
2016,Amazônia,JULHO,6120
2017,Amazônia,JULHO,7986
2018,Amazônia,JULHO,4788
2019,Amazônia,JULHO,5318
2020,Amazônia,JULHO,6803
1998,Pampa,JULHO,0
1999,Pampa,JULHO,7
2000,Pampa,JULHO,4
2001,Pampa,JULHO,6
2002,Pampa,JULHO,178
2003,Pampa,JULHO,252
2004,Pampa,JULHO,232
2005,Pampa,JULHO,153
2006,Pampa,JULHO,188
2007,Pampa,JULHO,201
2008,Pampa,JULHO,129
2009,Pampa,JULHO,129
2010,Pampa,JULHO,80
2011,Pampa,JULHO,96
2012,Pampa,JULHO,220
2013,Pampa,JULHO,95
2014,Pampa,JULHO,74
2015,Pampa,JULHO,24
2016,Pampa,JULHO,199
2017,Pampa,JULHO,262
2018,Pampa,JULHO,47
2019,Pampa,JULHO,222
2020,Pampa,JULHO,67
1998,Caatinga,JULHO,206
1999,Caatinga,JULHO,203
2000,Caatinga,JULHO,73
2001,Caatinga,JULHO,390
2002,Caatinga,JULHO,277
2003,Caatinga,JULHO,340
2004,Caatinga,JULHO,199
2005,Caatinga,JULHO,287
2006,Caatinga,JULHO,137
2007,Caatinga,JULHO,704
2008,Caatinga,JULHO,118
2009,Caatinga,JULHO,110
2010,Caatinga,JULHO,494
2011,Caatinga,JULHO,306
2012,Caatinga,JULHO,649
2013,Caatinga,JULHO,191
2014,Caatinga,JULHO,414
2015,Caatinga,JULHO,285
2016,Caatinga,JULHO,551
2017,Caatinga,JULHO,167
2018,Caatinga,JULHO,594
2019,Caatinga,JULHO,302
2020,Caatinga,JULHO,265
1998,Mata Atlântica,JULHO,477
1999,Mata Atlântica,JULHO,563
2000,Mata Atlântica,JULHO,598
2001,Mata Atlântica,JULHO,590
2002,Mata Atlântica,JULHO,1829
2003,Mata Atlântica,JULHO,3144
2004,Mata Atlântica,JULHO,1558
2005,Mata Atlântica,JULHO,1721
2006,Mata Atlântica,JULHO,3651
2007,Mata Atlântica,JULHO,1940
2008,Mata Atlântica,JULHO,2436
2009,Mata Atlântica,JULHO,723
2010,Mata Atlântica,JULHO,1718
2011,Mata Atlântica,JULHO,1450
2012,Mata Atlântica,JULHO,1052
2013,Mata Atlântica,JULHO,1087
2014,Mata Atlântica,JULHO,965
2015,Mata Atlântica,JULHO,528
2016,Mata Atlântica,JULHO,3155
2017,Mata Atlântica,JULHO,2285
2018,Mata Atlântica,JULHO,1813
2019,Mata Atlântica,JULHO,1712
2020,Mata Atlântica,JULHO,1323
1998,Pantanal,JULHO,206
1999,Pantanal,JULHO,845
2000,Pantanal,JULHO,25
2001,Pantanal,JULHO,444
2002,Pantanal,JULHO,805
2003,Pantanal,JULHO,260
2004,Pantanal,JULHO,384
2005,Pantanal,JULHO,1259
2006,Pantanal,JULHO,375
2007,Pantanal,JULHO,341
2008,Pantanal,JULHO,216
2009,Pantanal,JULHO,311
2010,Pantanal,JULHO,511
2011,Pantanal,JULHO,105
2012,Pantanal,JULHO,490
2013,Pantanal,JULHO,129
2014,Pantanal,JULHO,90
2015,Pantanal,JULHO,225
2016,Pantanal,JULHO,542
2017,Pantanal,JULHO,610
2018,Pantanal,JULHO,190
2019,Pantanal,JULHO,494
2020,Pantanal,JULHO,1684
1998,Cerrado,JULHO,3986
1999,Cerrado,JULHO,3465
2000,Cerrado,JULHO,2530
2001,Cerrado,JULHO,3242
2002,Cerrado,JULHO,7462
2003,Cerrado,JULHO,10477
2004,Cerrado,JULHO,8804
2005,Cerrado,JULHO,7454
2006,Cerrado,JULHO,6442
2007,Cerrado,JULHO,10548
2008,Cerrado,JULHO,5229
2009,Cerrado,JULHO,4224
2010,Cerrado,JULHO,12359
2011,Cerrado,JULHO,5366
2012,Cerrado,JULHO,9362
2013,Cerrado,JULHO,4761
2014,Cerrado,JULHO,6220
2015,Cerrado,JULHO,4662
2016,Cerrado,JULHO,8675
2017,Cerrado,JULHO,6258
2018,Cerrado,JULHO,5220
2019,Cerrado,JULHO,5346
2020,Cerrado,JULHO,5663
1998,Amazônia,JUNHO,1549
1999,Amazônia,JUNHO,1439
2000,Amazônia,JUNHO,3211
2001,Amazônia,JUNHO,4227
2002,Amazônia,JUNHO,5702
2003,Amazônia,JUNHO,6848
2004,Amazônia,JUNHO,9179
2005,Amazônia,JUNHO,2954
2006,Amazônia,JUNHO,2522
2007,Amazônia,JUNHO,3519
2008,Amazônia,JUNHO,1248
2009,Amazônia,JUNHO,1023
2010,Amazônia,JUNHO,1911
2011,Amazônia,JUNHO,1083
2012,Amazônia,JUNHO,1875
2013,Amazônia,JUNHO,1450
2014,Amazônia,JUNHO,1628
2015,Amazônia,JUNHO,1287
2016,Amazônia,JUNHO,1663
2017,Amazônia,JUNHO,1759
2018,Amazônia,JUNHO,1980
2019,Amazônia,JUNHO,1880
2020,Amazônia,JUNHO,2248
1998,Pampa,JUNHO,0
1999,Pampa,JUNHO,6
2000,Pampa,JUNHO,0
2001,Pampa,JUNHO,1
2002,Pampa,JUNHO,2
2003,Pampa,JUNHO,47
2004,Pampa,JUNHO,140
2005,Pampa,JUNHO,63
2006,Pampa,JUNHO,78
2007,Pampa,JUNHO,111
2008,Pampa,JUNHO,84
2009,Pampa,JUNHO,83
2010,Pampa,JUNHO,29
2011,Pampa,JUNHO,86
2012,Pampa,JUNHO,159
2013,Pampa,JUNHO,33
2014,Pampa,JUNHO,53
2015,Pampa,JUNHO,57
2016,Pampa,JUNHO,183
2017,Pampa,JUNHO,65
2018,Pampa,JUNHO,33
2019,Pampa,JUNHO,102
2020,Pampa,JUNHO,83
1998,Caatinga,JUNHO,34
1999,Caatinga,JUNHO,62
2000,Caatinga,JUNHO,46
2001,Caatinga,JUNHO,108
2002,Caatinga,JUNHO,125
2003,Caatinga,JUNHO,108
2004,Caatinga,JUNHO,83
2005,Caatinga,JUNHO,80
2006,Caatinga,JUNHO,52
2007,Caatinga,JUNHO,264
2008,Caatinga,JUNHO,63
2009,Caatinga,JUNHO,53
2010,Caatinga,JUNHO,166
2011,Caatinga,JUNHO,183
2012,Caatinga,JUNHO,370
2013,Caatinga,JUNHO,125
2014,Caatinga,JUNHO,168
2015,Caatinga,JUNHO,155
2016,Caatinga,JUNHO,158
2017,Caatinga,JUNHO,78
2018,Caatinga,JUNHO,196
2019,Caatinga,JUNHO,135
2020,Caatinga,JUNHO,83
1998,Mata Atlântica,JUNHO,303
1999,Mata Atlântica,JUNHO,303
2000,Mata Atlântica,JUNHO,432
2001,Mata Atlântica,JUNHO,244
2002,Mata Atlântica,JUNHO,485
2003,Mata Atlântica,JUNHO,2500
2004,Mata Atlântica,JUNHO,1335
2005,Mata Atlântica,JUNHO,939
2006,Mata Atlântica,JUNHO,1433
2007,Mata Atlântica,JUNHO,1532
2008,Mata Atlântica,JUNHO,523
2009,Mata Atlântica,JUNHO,687
2010,Mata Atlântica,JUNHO,1099
2011,Mata Atlântica,JUNHO,855
2012,Mata Atlântica,JUNHO,500
2013,Mata Atlântica,JUNHO,356
2014,Mata Atlântica,JUNHO,487
2015,Mata Atlântica,JUNHO,539
2016,Mata Atlântica,JUNHO,901
2017,Mata Atlântica,JUNHO,531
2018,Mata Atlântica,JUNHO,613
2019,Mata Atlântica,JUNHO,814
2020,Mata Atlântica,JUNHO,802
1998,Pantanal,JUNHO,12
1999,Pantanal,JUNHO,65
2000,Pantanal,JUNHO,29
2001,Pantanal,JUNHO,219
2002,Pantanal,JUNHO,320
2003,Pantanal,JUNHO,170
2004,Pantanal,JUNHO,240
2005,Pantanal,JUNHO,435
2006,Pantanal,JUNHO,101
2007,Pantanal,JUNHO,239
2008,Pantanal,JUNHO,44
2009,Pantanal,JUNHO,308
2010,Pantanal,JUNHO,247
2011,Pantanal,JUNHO,42
2012,Pantanal,JUNHO,109
2013,Pantanal,JUNHO,17
2014,Pantanal,JUNHO,27
2015,Pantanal,JUNHO,218
2016,Pantanal,JUNHO,93
2017,Pantanal,JUNHO,93
2018,Pantanal,JUNHO,46
2019,Pantanal,JUNHO,239
2020,Pantanal,JUNHO,406
1998,Cerrado,JUNHO,1653
1999,Cerrado,JUNHO,1757
2000,Cerrado,JUNHO,2556
2001,Cerrado,JUNHO,3606
2002,Cerrado,JUNHO,4210
2003,Cerrado,JUNHO,7079
2004,Cerrado,JUNHO,7047
2005,Cerrado,JUNHO,3383
2006,Cerrado,JUNHO,3415
2007,Cerrado,JUNHO,7051
2008,Cerrado,JUNHO,2632
2009,Cerrado,JUNHO,1641
2010,Cerrado,JUNHO,6443
2011,Cerrado,JUNHO,3378
2012,Cerrado,JUNHO,3817
2013,Cerrado,JUNHO,2684
2014,Cerrado,JUNHO,3849
2015,Cerrado,JUNHO,3313
2016,Cerrado,JUNHO,3187
2017,Cerrado,JUNHO,2858
2018,Cerrado,JUNHO,2922
2019,Cerrado,JUNHO,4088
2020,Cerrado,JUNHO,3487
1998,Amazônia,MAIO,0
1999,Amazônia,MAIO,449
2000,Amazônia,MAIO,930
2001,Amazônia,MAIO,916
2002,Amazônia,MAIO,1490
2003,Amazônia,MAIO,1983
2004,Amazônia,MAIO,3131
2005,Amazônia,MAIO,1746
2006,Amazônia,MAIO,843
2007,Amazônia,MAIO,1176
2008,Amazônia,MAIO,383
2009,Amazônia,MAIO,673
2010,Amazônia,MAIO,1026
2011,Amazônia,MAIO,528
2012,Amazônia,MAIO,855
2013,Amazônia,MAIO,796
2014,Amazônia,MAIO,673
2015,Amazônia,MAIO,407
2016,Amazônia,MAIO,895
2017,Amazônia,MAIO,805
2018,Amazônia,MAIO,772
2019,Amazônia,MAIO,854
2020,Amazônia,MAIO,829
1998,Pampa,MAIO,0
1999,Pampa,MAIO,8
2000,Pampa,MAIO,3
2001,Pampa,MAIO,4
2002,Pampa,MAIO,4
2003,Pampa,MAIO,79
2004,Pampa,MAIO,55
2005,Pampa,MAIO,74
2006,Pampa,MAIO,175
2007,Pampa,MAIO,63
2008,Pampa,MAIO,127
2009,Pampa,MAIO,174
2010,Pampa,MAIO,23
2011,Pampa,MAIO,73
2012,Pampa,MAIO,151
2013,Pampa,MAIO,32
2014,Pampa,MAIO,50
2015,Pampa,MAIO,122
2016,Pampa,MAIO,34
2017,Pampa,MAIO,39
2018,Pampa,MAIO,70
2019,Pampa,MAIO,23
2020,Pampa,MAIO,309
1998,Caatinga,MAIO,0
1999,Caatinga,MAIO,24
2000,Caatinga,MAIO,38
2001,Caatinga,MAIO,205
2002,Caatinga,MAIO,146
2003,Caatinga,MAIO,60
2004,Caatinga,MAIO,115
2005,Caatinga,MAIO,49
2006,Caatinga,MAIO,31
2007,Caatinga,MAIO,149
2008,Caatinga,MAIO,54
2009,Caatinga,MAIO,15
2010,Caatinga,MAIO,142
2011,Caatinga,MAIO,76
2012,Caatinga,MAIO,283
2013,Caatinga,MAIO,73
2014,Caatinga,MAIO,74
2015,Caatinga,MAIO,81
2016,Caatinga,MAIO,80
2017,Caatinga,MAIO,64
2018,Caatinga,MAIO,68
2019,Caatinga,MAIO,59
2020,Caatinga,MAIO,42
1998,Mata Atlântica,MAIO,0
1999,Mata Atlântica,MAIO,368
2000,Mata Atlântica,MAIO,204
2001,Mata Atlântica,MAIO,185
2002,Mata Atlântica,MAIO,263
2003,Mata Atlântica,MAIO,1744
2004,Mata Atlântica,MAIO,318
2005,Mata Atlântica,MAIO,907
2006,Mata Atlântica,MAIO,1510
2007,Mata Atlântica,MAIO,710
2008,Mata Atlântica,MAIO,1019
2009,Mata Atlântica,MAIO,625
2010,Mata Atlântica,MAIO,430
2011,Mata Atlântica,MAIO,552
2012,Mata Atlântica,MAIO,687
2013,Mata Atlântica,MAIO,478
2014,Mata Atlântica,MAIO,445
2015,Mata Atlântica,MAIO,349
2016,Mata Atlântica,MAIO,437
2017,Mata Atlântica,MAIO,187
2018,Mata Atlântica,MAIO,699
2019,Mata Atlântica,MAIO,240
2020,Mata Atlântica,MAIO,1028
1998,Pantanal,MAIO,0
1999,Pantanal,MAIO,106
2000,Pantanal,MAIO,8
2001,Pantanal,MAIO,67
2002,Pantanal,MAIO,29
2003,Pantanal,MAIO,107
2004,Pantanal,MAIO,15
2005,Pantanal,MAIO,331
2006,Pantanal,MAIO,104
2007,Pantanal,MAIO,101
2008,Pantanal,MAIO,48
2009,Pantanal,MAIO,815
2010,Pantanal,MAIO,67
2011,Pantanal,MAIO,20
2012,Pantanal,MAIO,115
2013,Pantanal,MAIO,47
2014,Pantanal,MAIO,16
2015,Pantanal,MAIO,36
2016,Pantanal,MAIO,59
2017,Pantanal,MAIO,48
2018,Pantanal,MAIO,28
2019,Pantanal,MAIO,68
2020,Pantanal,MAIO,313
1998,Cerrado,MAIO,0
1999,Cerrado,MAIO,856
2000,Cerrado,MAIO,914
2001,Cerrado,MAIO,713
2002,Cerrado,MAIO,1884
2003,Cerrado,MAIO,2475
2004,Cerrado,MAIO,2975
2005,Cerrado,MAIO,1968
2006,Cerrado,MAIO,1650
2007,Cerrado,MAIO,2924
2008,Cerrado,MAIO,1320
2009,Cerrado,MAIO,836
2010,Cerrado,MAIO,2508
2011,Cerrado,MAIO,1376
2012,Cerrado,MAIO,1896
2013,Cerrado,MAIO,1418
2014,Cerrado,MAIO,1673
2015,Cerrado,MAIO,1174
2016,Cerrado,MAIO,1782
2017,Cerrado,MAIO,1428
2018,Cerrado,MAIO,1729
2019,Cerrado,MAIO,1719
2020,Cerrado,MAIO,1481
1998,Amazônia,MARÇO,0
1999,Amazônia,MARÇO,130
2000,Amazônia,MARÇO,405
2001,Amazônia,MARÇO,1134
2002,Amazônia,MARÇO,901
2003,Amazônia,MARÇO,1997
2004,Amazônia,MARÇO,1035
2005,Amazônia,MARÇO,758
2006,Amazônia,MARÇO,903
2007,Amazônia,MARÇO,1431
2008,Amazônia,MARÇO,860
2009,Amazônia,MARÇO,584
2010,Amazônia,MARÇO,1176
2011,Amazônia,MARÇO,427
2012,Amazônia,MARÇO,484
2013,Amazônia,MARÇO,738
2014,Amazônia,MARÇO,1010
2015,Amazônia,MARÇO,572
2016,Amazônia,MARÇO,2024
2017,Amazônia,MARÇO,736
2018,Amazônia,MARÇO,1359
2019,Amazônia,MARÇO,3383
2020,Amazônia,MARÇO,1641
1998,Pampa,MARÇO,0
1999,Pampa,MARÇO,35
2000,Pampa,MARÇO,10
2001,Pampa,MARÇO,8
2002,Pampa,MARÇO,19
2003,Pampa,MARÇO,19
2004,Pampa,MARÇO,163
2005,Pampa,MARÇO,131
2006,Pampa,MARÇO,82
2007,Pampa,MARÇO,22
2008,Pampa,MARÇO,43
2009,Pampa,MARÇO,42
2010,Pampa,MARÇO,34
2011,Pampa,MARÇO,36
2012,Pampa,MARÇO,71
2013,Pampa,MARÇO,50
2014,Pampa,MARÇO,39
2015,Pampa,MARÇO,48
2016,Pampa,MARÇO,24
2017,Pampa,MARÇO,31
2018,Pampa,MARÇO,63
2019,Pampa,MARÇO,82
2020,Pampa,MARÇO,176
1998,Caatinga,MARÇO,0
1999,Caatinga,MARÇO,93
2000,Caatinga,MARÇO,68
2001,Caatinga,MARÇO,5
2002,Caatinga,MARÇO,148
2003,Caatinga,MARÇO,191
2004,Caatinga,MARÇO,104
2005,Caatinga,MARÇO,137
2006,Caatinga,MARÇO,164
2007,Caatinga,MARÇO,67
2008,Caatinga,MARÇO,147
2009,Caatinga,MARÇO,227
2010,Caatinga,MARÇO,292
2011,Caatinga,MARÇO,170
2012,Caatinga,MARÇO,404
2013,Caatinga,MARÇO,219
2014,Caatinga,MARÇO,104
2015,Caatinga,MARÇO,99
2016,Caatinga,MARÇO,56
2017,Caatinga,MARÇO,70
2018,Caatinga,MARÇO,58
2019,Caatinga,MARÇO,58
2020,Caatinga,MARÇO,22
1998,Mata Atlântica,MARÇO,0
1999,Mata Atlântica,MARÇO,310
2000,Mata Atlântica,MARÇO,219
2001,Mata Atlântica,MARÇO,40
2002,Mata Atlântica,MARÇO,209
2003,Mata Atlântica,MARÇO,834
2004,Mata Atlântica,MARÇO,712
2005,Mata Atlântica,MARÇO,867
2006,Mata Atlântica,MARÇO,744
2007,Mata Atlântica,MARÇO,672
2008,Mata Atlântica,MARÇO,478
2009,Mata Atlântica,MARÇO,619
2010,Mata Atlântica,MARÇO,390
2011,Mata Atlântica,MARÇO,323
2012,Mata Atlântica,MARÇO,690
2013,Mata Atlântica,MARÇO,549
2014,Mata Atlântica,MARÇO,256
2015,Mata Atlântica,MARÇO,384
2016,Mata Atlântica,MARÇO,536
2017,Mata Atlântica,MARÇO,330
2018,Mata Atlântica,MARÇO,323
2019,Mata Atlântica,MARÇO,661
2020,Mata Atlântica,MARÇO,549
1998,Pantanal,MARÇO,0
1999,Pantanal,MARÇO,17
2000,Pantanal,MARÇO,19
2001,Pantanal,MARÇO,11
2002,Pantanal,MARÇO,10
2003,Pantanal,MARÇO,36
2004,Pantanal,MARÇO,141
2005,Pantanal,MARÇO,100
2006,Pantanal,MARÇO,36
2007,Pantanal,MARÇO,30
2008,Pantanal,MARÇO,20
2009,Pantanal,MARÇO,71
2010,Pantanal,MARÇO,88
2011,Pantanal,MARÇO,2
2012,Pantanal,MARÇO,97
2013,Pantanal,MARÇO,115
2014,Pantanal,MARÇO,23
2015,Pantanal,MARÇO,28
2016,Pantanal,MARÇO,18
2017,Pantanal,MARÇO,68
2018,Pantanal,MARÇO,14
2019,Pantanal,MARÇO,93
2020,Pantanal,MARÇO,602
1998,Cerrado,MARÇO,0
1999,Cerrado,MARÇO,82
2000,Cerrado,MARÇO,114
2001,Cerrado,MARÇO,69
2002,Cerrado,MARÇO,391
2003,Cerrado,MARÇO,472
2004,Cerrado,MARÇO,773
2005,Cerrado,MARÇO,536
2006,Cerrado,MARÇO,498
2007,Cerrado,MARÇO,1118
2008,Cerrado,MARÇO,339
2009,Cerrado,MARÇO,461
2010,Cerrado,MARÇO,883
2011,Cerrado,MARÇO,308
2012,Cerrado,MARÇO,764
2013,Cerrado,MARÇO,613
2014,Cerrado,MARÇO,497
2015,Cerrado,MARÇO,528
2016,Cerrado,MARÇO,767
2017,Cerrado,MARÇO,687
2018,Cerrado,MARÇO,842
2019,Cerrado,MARÇO,936
2020,Cerrado,MARÇO,890
1998,Amazônia,NOVEMBRO,3833
1999,Amazônia,NOVEMBRO,4449
2000,Amazônia,NOVEMBRO,5497
2001,Amazônia,NOVEMBRO,8346
2002,Amazônia,NOVEMBRO,23660
2003,Amazônia,NOVEMBRO,19631
2004,Amazônia,NOVEMBRO,26424
2005,Amazônia,NOVEMBRO,16790
2006,Amazônia,NOVEMBRO,17474
2007,Amazônia,NOVEMBRO,16025
2008,Amazônia,NOVEMBRO,15450
2009,Amazônia,NOVEMBRO,19104
2010,Amazônia,NOVEMBRO,12167
2011,Amazônia,NOVEMBRO,9815
2012,Amazônia,NOVEMBRO,13259
2013,Amazônia,NOVEMBRO,6615
2014,Amazônia,NOVEMBRO,12169
2015,Amazônia,NOVEMBRO,16935
2016,Amazônia,NOVEMBRO,11610
2017,Amazônia,NOVEMBRO,14105
2018,Amazônia,NOVEMBRO,8881
2019,Amazônia,NOVEMBRO,11297
2020,Amazônia,NOVEMBRO,0
1998,Pampa,NOVEMBRO,5
1999,Pampa,NOVEMBRO,31
2000,Pampa,NOVEMBRO,4
2001,Pampa,NOVEMBRO,23
2002,Pampa,NOVEMBRO,18
2003,Pampa,NOVEMBRO,51
2004,Pampa,NOVEMBRO,49
2005,Pampa,NOVEMBRO,67
2006,Pampa,NOVEMBRO,42
2007,Pampa,NOVEMBRO,46
2008,Pampa,NOVEMBRO,35
2009,Pampa,NOVEMBRO,2
2010,Pampa,NOVEMBRO,82
2011,Pampa,NOVEMBRO,75
2012,Pampa,NOVEMBRO,42
2013,Pampa,NOVEMBRO,59
2014,Pampa,NOVEMBRO,35
2015,Pampa,NOVEMBRO,12
2016,Pampa,NOVEMBRO,43
2017,Pampa,NOVEMBRO,60
2018,Pampa,NOVEMBRO,24
2019,Pampa,NOVEMBRO,30
2020,Pampa,NOVEMBRO,0
1998,Caatinga,NOVEMBRO,1185
1999,Caatinga,NOVEMBRO,984
2000,Caatinga,NOVEMBRO,1224
2001,Caatinga,NOVEMBRO,4767
2002,Caatinga,NOVEMBRO,6193
2003,Caatinga,NOVEMBRO,8451
2004,Caatinga,NOVEMBRO,7689
2005,Caatinga,NOVEMBRO,7067
2006,Caatinga,NOVEMBRO,5253
2007,Caatinga,NOVEMBRO,6939
2008,Caatinga,NOVEMBRO,7325
2009,Caatinga,NOVEMBRO,4866
2010,Caatinga,NOVEMBRO,5960
2011,Caatinga,NOVEMBRO,4271
2012,Caatinga,NOVEMBRO,2063
2013,Caatinga,NOVEMBRO,1889
2014,Caatinga,NOVEMBRO,1762
2015,Caatinga,NOVEMBRO,2599
2016,Caatinga,NOVEMBRO,2882
2017,Caatinga,NOVEMBRO,1792
2018,Caatinga,NOVEMBRO,1876
2019,Caatinga,NOVEMBRO,3212
2020,Caatinga,NOVEMBRO,0
1998,Mata Atlântica,NOVEMBRO,522
1999,Mata Atlântica,NOVEMBRO,1222
2000,Mata Atlântica,NOVEMBRO,230
2001,Mata Atlântica,NOVEMBRO,495
2002,Mata Atlântica,NOVEMBRO,2441
2003,Mata Atlântica,NOVEMBRO,2148
2004,Mata Atlântica,NOVEMBRO,2624
2005,Mata Atlântica,NOVEMBRO,2331
2006,Mata Atlântica,NOVEMBRO,1006
2007,Mata Atlântica,NOVEMBRO,3283
2008,Mata Atlântica,NOVEMBRO,2154
2009,Mata Atlântica,NOVEMBRO,815
2010,Mata Atlântica,NOVEMBRO,835
2011,Mata Atlântica,NOVEMBRO,618
2012,Mata Atlântica,NOVEMBRO,763
2013,Mata Atlântica,NOVEMBRO,509
2014,Mata Atlântica,NOVEMBRO,432
2015,Mata Atlântica,NOVEMBRO,1852
2016,Mata Atlântica,NOVEMBRO,763
2017,Mata Atlântica,NOVEMBRO,818
2018,Mata Atlântica,NOVEMBRO,450
2019,Mata Atlântica,NOVEMBRO,1499
2020,Mata Atlântica,NOVEMBRO,0
1998,Pantanal,NOVEMBRO,162
1999,Pantanal,NOVEMBRO,743
2000,Pantanal,NOVEMBRO,295
2001,Pantanal,NOVEMBRO,175
2002,Pantanal,NOVEMBRO,2328
2003,Pantanal,NOVEMBRO,378
2004,Pantanal,NOVEMBRO,335
2005,Pantanal,NOVEMBRO,125
2006,Pantanal,NOVEMBRO,254
2007,Pantanal,NOVEMBRO,189
2008,Pantanal,NOVEMBRO,274
2009,Pantanal,NOVEMBRO,414
2010,Pantanal,NOVEMBRO,385
2011,Pantanal,NOVEMBRO,873
2012,Pantanal,NOVEMBRO,157
2013,Pantanal,NOVEMBRO,513
2014,Pantanal,NOVEMBRO,184
2015,Pantanal,NOVEMBRO,282
2016,Pantanal,NOVEMBRO,215
2017,Pantanal,NOVEMBRO,214
2018,Pantanal,NOVEMBRO,20
2019,Pantanal,NOVEMBRO,1296
2020,Pantanal,NOVEMBRO,0
1998,Cerrado,NOVEMBRO,1095
1999,Cerrado,NOVEMBRO,1434
2000,Cerrado,NOVEMBRO,1149
2001,Cerrado,NOVEMBRO,1834
2002,Cerrado,NOVEMBRO,5273
2003,Cerrado,NOVEMBRO,4763
2004,Cerrado,NOVEMBRO,8243
2005,Cerrado,NOVEMBRO,5251
2006,Cerrado,NOVEMBRO,5274
2007,Cerrado,NOVEMBRO,4939
2008,Cerrado,NOVEMBRO,5486
2009,Cerrado,NOVEMBRO,4195
2010,Cerrado,NOVEMBRO,4623
2011,Cerrado,NOVEMBRO,2889
2012,Cerrado,NOVEMBRO,1830
2013,Cerrado,NOVEMBRO,2370
2014,Cerrado,NOVEMBRO,3085
2015,Cerrado,NOVEMBRO,4731
2016,Cerrado,NOVEMBRO,3647
2017,Cerrado,NOVEMBRO,2345
2018,Cerrado,NOVEMBRO,1763
2019,Cerrado,NOVEMBRO,3251
2020,Cerrado,NOVEMBRO,0
1998,Amazônia,OUTUBRO,8777
1999,Amazônia,OUTUBRO,12794
2000,Amazônia,OUTUBRO,10226
2001,Amazônia,OUTUBRO,14292
2002,Amazônia,OUTUBRO,27110
2003,Amazônia,OUTUBRO,25341
2004,Amazônia,OUTUBRO,23928
2005,Amazônia,OUTUBRO,26624
2006,Amazônia,OUTUBRO,18309
2007,Amazônia,OUTUBRO,28731
2008,Amazônia,OUTUBRO,23518
2009,Amazônia,OUTUBRO,19323
2010,Amazônia,OUTUBRO,14798
2011,Amazônia,OUTUBRO,9760
2012,Amazônia,OUTUBRO,14814
2013,Amazônia,OUTUBRO,10242
2014,Amazônia,OUTUBRO,13222
2015,Amazônia,OUTUBRO,19469
2016,Amazônia,OUTUBRO,14234
2017,Amazônia,OUTUBRO,14457
2018,Amazônia,OUTUBRO,10654
2019,Amazônia,OUTUBRO,7855
2020,Amazônia,OUTUBRO,0
1998,Pampa,OUTUBRO,109
1999,Pampa,OUTUBRO,51
2000,Pampa,OUTUBRO,5
2001,Pampa,OUTUBRO,12
2002,Pampa,OUTUBRO,18
2003,Pampa,OUTUBRO,121
2004,Pampa,OUTUBRO,252
2005,Pampa,OUTUBRO,46
2006,Pampa,OUTUBRO,62
2007,Pampa,OUTUBRO,42
2008,Pampa,OUTUBRO,78
2009,Pampa,OUTUBRO,71
2010,Pampa,OUTUBRO,92
2011,Pampa,OUTUBRO,37
2012,Pampa,OUTUBRO,40
2013,Pampa,OUTUBRO,59
2014,Pampa,OUTUBRO,39
2015,Pampa,OUTUBRO,47
2016,Pampa,OUTUBRO,57
2017,Pampa,OUTUBRO,55
2018,Pampa,OUTUBRO,34
2019,Pampa,OUTUBRO,72
2020,Pampa,OUTUBRO,0
1998,Caatinga,OUTUBRO,4280
1999,Caatinga,OUTUBRO,2080
2000,Caatinga,OUTUBRO,4744
2001,Caatinga,OUTUBRO,7157
2002,Caatinga,OUTUBRO,7728
2003,Caatinga,OUTUBRO,8722
2004,Caatinga,OUTUBRO,7707
2005,Caatinga,OUTUBRO,8151
2006,Caatinga,OUTUBRO,3998
2007,Caatinga,OUTUBRO,8515
2008,Caatinga,OUTUBRO,6135
2009,Caatinga,OUTUBRO,3059
2010,Caatinga,OUTUBRO,5829
2011,Caatinga,OUTUBRO,3489
2012,Caatinga,OUTUBRO,4582
2013,Caatinga,OUTUBRO,2164
2014,Caatinga,OUTUBRO,2324
2015,Caatinga,OUTUBRO,3909
2016,Caatinga,OUTUBRO,4274
2017,Caatinga,OUTUBRO,4030
2018,Caatinga,OUTUBRO,2476
2019,Caatinga,OUTUBRO,4716
2020,Caatinga,OUTUBRO,0
1998,Mata Atlântica,OUTUBRO,1260
1999,Mata Atlântica,OUTUBRO,1688
2000,Mata Atlântica,OUTUBRO,2369
2001,Mata Atlântica,OUTUBRO,997
2002,Mata Atlântica,OUTUBRO,4897
2003,Mata Atlântica,OUTUBRO,7588
2004,Mata Atlântica,OUTUBRO,5344
2005,Mata Atlântica,OUTUBRO,5719
2006,Mata Atlântica,OUTUBRO,1884
2007,Mata Atlântica,OUTUBRO,6451
2008,Mata Atlântica,OUTUBRO,3983
2009,Mata Atlântica,OUTUBRO,2317
2010,Mata Atlântica,OUTUBRO,2562
2011,Mata Atlântica,OUTUBRO,1836
2012,Mata Atlântica,OUTUBRO,3077
2013,Mata Atlântica,OUTUBRO,1454
2014,Mata Atlântica,OUTUBRO,4171
2015,Mata Atlântica,OUTUBRO,2991
2016,Mata Atlântica,OUTUBRO,1210
2017,Mata Atlântica,OUTUBRO,2003
2018,Mata Atlântica,OUTUBRO,1243
2019,Mata Atlântica,OUTUBRO,2184
2020,Mata Atlântica,OUTUBRO,0
1998,Pantanal,OUTUBRO,507
1999,Pantanal,OUTUBRO,2049
2000,Pantanal,OUTUBRO,950
2001,Pantanal,OUTUBRO,879
2002,Pantanal,OUTUBRO,2761
2003,Pantanal,OUTUBRO,715
2004,Pantanal,OUTUBRO,1912
2005,Pantanal,OUTUBRO,933
2006,Pantanal,OUTUBRO,266
2007,Pantanal,OUTUBRO,1481
2008,Pantanal,OUTUBRO,1046
2009,Pantanal,OUTUBRO,919
2010,Pantanal,OUTUBRO,1142
2011,Pantanal,OUTUBRO,562
2012,Pantanal,OUTUBRO,832
2013,Pantanal,OUTUBRO,544
2014,Pantanal,OUTUBRO,459
2015,Pantanal,OUTUBRO,794
2016,Pantanal,OUTUBRO,1066
2017,Pantanal,OUTUBRO,669
2018,Pantanal,OUTUBRO,120
2019,Pantanal,OUTUBRO,2430
2020,Pantanal,OUTUBRO,0
1998,Cerrado,OUTUBRO,8535
1999,Cerrado,OUTUBRO,8354
2000,Cerrado,OUTUBRO,9038
2001,Cerrado,OUTUBRO,7702
2002,Cerrado,OUTUBRO,16744
2003,Cerrado,OUTUBRO,15008
2004,Cerrado,OUTUBRO,15148
2005,Cerrado,OUTUBRO,23550
2006,Cerrado,OUTUBRO,7524
2007,Cerrado,OUTUBRO,22008
2008,Cerrado,OUTUBRO,17024
2009,Cerrado,OUTUBRO,5526
2010,Cerrado,OUTUBRO,14419
2011,Cerrado,OUTUBRO,7656
2012,Cerrado,OUTUBRO,16515
2013,Cerrado,OUTUBRO,7696
2014,Cerrado,OUTUBRO,16357
2015,Cerrado,OUTUBRO,19531
2016,Cerrado,OUTUBRO,9968
2017,Cerrado,OUTUBRO,12393
2018,Cerrado,OUTUBRO,5041
2019,Cerrado,OUTUBRO,8356
2020,Cerrado,OUTUBRO,0
1998,Amazônia,SETEMBRO,19214
1999,Amazônia,SETEMBRO,16106
2000,Amazônia,SETEMBRO,10062
2001,Amazônia,SETEMBRO,15528
2002,Amazônia,SETEMBRO,48549
2003,Amazônia,SETEMBRO,47789
2004,Amazônia,SETEMBRO,71522
2005,Amazônia,SETEMBRO,68560
2006,Amazônia,SETEMBRO,51028
2007,Amazônia,SETEMBRO,73141
2008,Amazônia,SETEMBRO,26469
2009,Amazônia,SETEMBRO,20527
2010,Amazônia,SETEMBRO,43933
2011,Amazônia,SETEMBRO,16987
2012,Amazônia,SETEMBRO,24067
2013,Amazônia,SETEMBRO,16786
2014,Amazônia,SETEMBRO,20522
2015,Amazônia,SETEMBRO,29326
2016,Amazônia,SETEMBRO,20460
2017,Amazônia,SETEMBRO,36569
2018,Amazônia,SETEMBRO,24803
2019,Amazônia,SETEMBRO,19925
2020,Amazônia,SETEMBRO,24473
1998,Pampa,SETEMBRO,31
1999,Pampa,SETEMBRO,8
2000,Pampa,SETEMBRO,7
2001,Pampa,SETEMBRO,0
2002,Pampa,SETEMBRO,238
2003,Pampa,SETEMBRO,357
2004,Pampa,SETEMBRO,157
2005,Pampa,SETEMBRO,122
2006,Pampa,SETEMBRO,187
2007,Pampa,SETEMBRO,192
2008,Pampa,SETEMBRO,83
2009,Pampa,SETEMBRO,34
2010,Pampa,SETEMBRO,132
2011,Pampa,SETEMBRO,233
2012,Pampa,SETEMBRO,62
2013,Pampa,SETEMBRO,126
2014,Pampa,SETEMBRO,57
2015,Pampa,SETEMBRO,139
2016,Pampa,SETEMBRO,252
2017,Pampa,SETEMBRO,65
2018,Pampa,SETEMBRO,67
2019,Pampa,SETEMBRO,273
2020,Pampa,SETEMBRO,13
1998,Caatinga,SETEMBRO,2642
1999,Caatinga,SETEMBRO,1117
2000,Caatinga,SETEMBRO,1504
2001,Caatinga,SETEMBRO,3996
2002,Caatinga,SETEMBRO,5099
2003,Caatinga,SETEMBRO,7234
2004,Caatinga,SETEMBRO,4848
2005,Caatinga,SETEMBRO,3623
2006,Caatinga,SETEMBRO,2550
2007,Caatinga,SETEMBRO,5239
2008,Caatinga,SETEMBRO,2888
2009,Caatinga,SETEMBRO,2746
2010,Caatinga,SETEMBRO,4376
2011,Caatinga,SETEMBRO,3486
2012,Caatinga,SETEMBRO,3626
2013,Caatinga,SETEMBRO,2452
2014,Caatinga,SETEMBRO,2079
2015,Caatinga,SETEMBRO,4079
2016,Caatinga,SETEMBRO,2095
2017,Caatinga,SETEMBRO,1759
2018,Caatinga,SETEMBRO,2820
2019,Caatinga,SETEMBRO,2827
2020,Caatinga,SETEMBRO,1587
1998,Mata Atlântica,SETEMBRO,1678
1999,Mata Atlântica,SETEMBRO,3306
2000,Mata Atlântica,SETEMBRO,1100
2001,Mata Atlântica,SETEMBRO,1418
2002,Mata Atlântica,SETEMBRO,6764
2003,Mata Atlântica,SETEMBRO,11963
2004,Mata Atlântica,SETEMBRO,7396
2005,Mata Atlântica,SETEMBRO,2632
2006,Mata Atlântica,SETEMBRO,5120
2007,Mata Atlântica,SETEMBRO,7170
2008,Mata Atlântica,SETEMBRO,4094
2009,Mata Atlântica,SETEMBRO,1831
2010,Mata Atlântica,SETEMBRO,5026
2011,Mata Atlântica,SETEMBRO,7050
2012,Mata Atlântica,SETEMBRO,3082
2013,Mata Atlântica,SETEMBRO,2839
2014,Mata Atlântica,SETEMBRO,3493
2015,Mata Atlântica,SETEMBRO,3219
2016,Mata Atlântica,SETEMBRO,4146
2017,Mata Atlântica,SETEMBRO,4939
2018,Mata Atlântica,SETEMBRO,2309
2019,Mata Atlântica,SETEMBRO,4333
2020,Mata Atlântica,SETEMBRO,2584
1998,Pantanal,SETEMBRO,542
1999,Pantanal,SETEMBRO,1922
2000,Pantanal,SETEMBRO,503
2001,Pantanal,SETEMBRO,2264
2002,Pantanal,SETEMBRO,2662
2003,Pantanal,SETEMBRO,1188
2004,Pantanal,SETEMBRO,3963
2005,Pantanal,SETEMBRO,2997
2006,Pantanal,SETEMBRO,1024
2007,Pantanal,SETEMBRO,5498
2008,Pantanal,SETEMBRO,1660
2009,Pantanal,SETEMBRO,1127
2010,Pantanal,SETEMBRO,3072
2011,Pantanal,SETEMBRO,807
2012,Pantanal,SETEMBRO,2518
2013,Pantanal,SETEMBRO,1201
2014,Pantanal,SETEMBRO,375
2015,Pantanal,SETEMBRO,1181
2016,Pantanal,SETEMBRO,2000
2017,Pantanal,SETEMBRO,2588
2018,Pantanal,SETEMBRO,785
2019,Pantanal,SETEMBRO,2887
2020,Pantanal,SETEMBRO,5682
1998,Cerrado,SETEMBRO,17843
1999,Cerrado,SETEMBRO,14455
2000,Cerrado,SETEMBRO,10117
2001,Cerrado,SETEMBRO,16623
2002,Cerrado,SETEMBRO,30105
2003,Cerrado,SETEMBRO,29227
2004,Cerrado,SETEMBRO,33509
2005,Cerrado,SETEMBRO,24521
2006,Cerrado,SETEMBRO,16566
2007,Cerrado,SETEMBRO,49980
2008,Cerrado,SETEMBRO,15477
2009,Cerrado,SETEMBRO,9851
2010,Cerrado,SETEMBRO,52491
2011,Cerrado,SETEMBRO,26468
2012,Cerrado,SETEMBRO,30053
2013,Cerrado,SETEMBRO,12615
2014,Cerrado,SETEMBRO,15523
2015,Cerrado,SETEMBRO,23795
2016,Cerrado,SETEMBRO,13256
2017,Cerrado,SETEMBRO,26975
2018,Cerrado,SETEMBRO,11467
2019,Cerrado,SETEMBRO,22989
2020,Cerrado,SETEMBRO,16109
